source,line,kind,bytes,sha256
404.html,8,style,3925,0f9152ee9a2daf6dbeb244b2ccf125155299dd52b3a3dbaa2da7e15547791e24
ai-visibility.html,9,style,10423,4bfbd4428274b1b6128bbb68b1eba9589a7e38b1db5f4455cf0cee6b9ba88e21
ai-visibility.html,433,script,9390,1dc8d542471613e5227ea4595c9a4a7422269c8f240fb44bb8d35f4416def312
arc-forge.html,23,script,45,ff1ed6ed1ef993c468ab459a551417f5b94fe0eb9f139c5b01dce4946c6c829c
arc-forge.html,24,style,22263,6723ffea8631d65ce317d8893402f18c266b741efc764f81da7490dfeefa97f7
arc-forge.html,1084,script,670,300755fb2df93dc2617412939e10fbd10240a236883306db85c46600fe68e937
cassette-mp4.html,8,style,3925,0f9152ee9a2daf6dbeb244b2ccf125155299dd52b3a3dbaa2da7e15547791e24
contact.html,8,style,3925,0f9152ee9a2daf6dbeb244b2ccf125155299dd52b3a3dbaa2da7e15547791e24
docs.html,8,style,3925,0f9152ee9a2daf6dbeb244b2ccf125155299dd52b3a3dbaa2da7e15547791e24
family-card-chaos-access.html,11,style,12058,23467102c679054ea6d7cb14d451baadf9da941a83952e14fbd846dccf0bbc31
family-card-chaos-access.html,510,script,2506,a8428056eab2a31fc03e0ec572b3897a2329b4bd95034ae1ae895530af681f12
firefly-living-lights.html,10,style,22346,899a382319c33e177008b15c061e756b6acb6b5fab20349b175719b56cb7ca15
index.html,8,style,8071,9c09a726a7e5a1e32ecdcef31cd67ea26e2142a8b730da6de02cad19d996b815
product-photo-production.html,9,style,9474,157a179a7289bb7756ca5cece67f22d832529a609595b0bcb342936b4fcbd31b
support.html,8,style,3925,0f9152ee9a2daf6dbeb244b2ccf125155299dd52b3a3dbaa2da7e15547791e24
territory-sales-execution.html,9,script,0,e3b0c44298fc1c149afbf4c8996fb92427ae41e4649b934ca495991b7852b855
territory-sales-execution.html,10,style,5063,eabed142e46243f800c42f1598f68b1d51d96a7d01d00ddbeb059555f6bca1ba
verify.html,8,style,3925,0f9152ee9a2daf6dbeb244b2ccf125155299dd52b3a3dbaa2da7e15547791e24
visual-ai-evaluation.html,9,script,0,e3b0c44298fc1c149afbf4c8996fb92427ae41e4649b934ca495991b7852b855
visual-ai-evaluation.html,10,style,5247,4bb10f011506f58b23453fa08d2b940e163113fa15e604aae2d19f44c0857115
