source,occurrence,sha256,replacement,action
product-photo-production.html,1,181411b76485ce47d21645c064b4aeeb50ca394b1a3254517e9370dfccf83655,/unlisted-media/product-photo-production-1.181411b76485.jpg,extracted exact bytes; original retained
product-photo-production.html,2,db2f7ac44ddf375b047e888fb04d0cfb12eef670c120b6e441c0774feb4507d4,/unlisted-media/product-photo-production-2.db2f7ac44ddf.jpg,extracted exact bytes; original retained
product-photo-production.html,3,739375be7fbc709c164f97ce406a9aa0c758cec7fcd0724f023878dd372f3ddf,/unlisted-media/product-photo-production-3.739375be7fbc.jpg,extracted exact bytes; original retained
product-photo-production.html,4,79a982a067330c76aff480f5f0acc91730724d012fd408afb1173d64974330a7,/unlisted-media/product-photo-production-4.79a982a06733.jpg,extracted exact bytes; original retained
product-photo-production.html,5,7cb0af73e01215945db42bae8e862930176d62e2cfbbd3e7218215a2bd50d67c,/unlisted-media/product-photo-production-5.7cb0af73e012.jpg,extracted exact bytes; original retained
product-photo-production.html,6,4b6707f15273123300ba8cae1948c6040b1d8d3e04f59c915f4ad380311855e3,/unlisted-media/product-photo-production-6.4b6707f15273.jpg,extracted exact bytes; original retained
product-photo-production.html,7,315e9cecc367cf5fcb01da31e35024f9276ae1840b961e968b01ea8021026f50,/unlisted-media/product-photo-production-7.315e9cecc367.jpg,extracted exact bytes; original retained
product-photo-production.html,8,d29d43d8db3c37a5214966481ac27b735acdf95e7a98eecbdc96b07abab1e4b3,/unlisted-media/product-photo-production-8.d29d43d8db3c.jpg,extracted exact bytes; original retained
product-photo-production.html,9,973a484370e155a5d866f1c87dc40f3e769996ef779222a1ac8811b6ca266126,/unlisted-media/product-photo-production-9.973a484370e1.jpg,extracted exact bytes; original retained
product-photo-production.html,10,0ff99d9814c27d99d2f44fe31c92eb365439fd0d9b34166e23e8d400fbee92ea,/unlisted-media/product-photo-production-10.0ff99d9814c2.jpg,extracted exact bytes; original retained
product-photo-production.html,11,9cca93a4e3a627a9332e283b62fe6d972435e14189c27e437bb0b1943a7a0d97,/unlisted-media/product-photo-production-11.9cca93a4e3a6.jpg,extracted exact bytes; original retained
