source,line,mime,bytes,sha256
product-photo-production.html,516,image/jpeg,262827,181411b76485ce47d21645c064b4aeeb50ca394b1a3254517e9370dfccf83655
product-photo-production.html,520,image/jpeg,193675,db2f7ac44ddf375b047e888fb04d0cfb12eef670c120b6e441c0774feb4507d4
product-photo-production.html,524,image/jpeg,170102,739375be7fbc709c164f97ce406a9aa0c758cec7fcd0724f023878dd372f3ddf
product-photo-production.html,554,image/jpeg,282790,79a982a067330c76aff480f5f0acc91730724d012fd408afb1173d64974330a7
product-photo-production.html,558,image/jpeg,211271,7cb0af73e01215945db42bae8e862930176d62e2cfbbd3e7218215a2bd50d67c
product-photo-production.html,562,image/jpeg,132901,4b6707f15273123300ba8cae1948c6040b1d8d3e04f59c915f4ad380311855e3
product-photo-production.html,592,image/jpeg,143702,315e9cecc367cf5fcb01da31e35024f9276ae1840b961e968b01ea8021026f50
product-photo-production.html,622,image/jpeg,184251,d29d43d8db3c37a5214966481ac27b735acdf95e7a98eecbdc96b07abab1e4b3
product-photo-production.html,626,image/jpeg,141200,973a484370e155a5d866f1c87dc40f3e769996ef779222a1ac8811b6ca266126
product-photo-production.html,630,image/jpeg,271373,0ff99d9814c27d99d2f44fe31c92eb365439fd0d9b34166e23e8d400fbee92ea
product-photo-production.html,634,image/jpeg,96395,9cca93a4e3a627a9332e283b62fe6d972435e14189c27e437bb0b1943a7a0d97
