route,width,height,version,title_matches,h1_count,horizontal_overflow,broken_visible_images,unlabeled_controls,noindex,framework_overlay
/404.html,390,844,29e16c24-e5ed-4578-8e94-5d2455b172c0,True,1,False,0,0,True,False
/404.html,1440,900,29e16c24-e5ed-4578-8e94-5d2455b172c0,True,1,False,0,0,True,False
/ai-visibility.html,390,844,29e16c24-e5ed-4578-8e94-5d2455b172c0,True,1,False,0,0,True,False
/ai-visibility.html,1440,900,29e16c24-e5ed-4578-8e94-5d2455b172c0,True,1,False,0,0,True,False
/arc-forge.html,390,844,29e16c24-e5ed-4578-8e94-5d2455b172c0,True,1,False,0,0,True,False
/arc-forge.html,1440,900,29e16c24-e5ed-4578-8e94-5d2455b172c0,True,1,False,0,0,True,False
/cassette-mp4.html,390,844,29e16c24-e5ed-4578-8e94-5d2455b172c0,True,1,False,0,0,True,False
/cassette-mp4.html,1440,900,29e16c24-e5ed-4578-8e94-5d2455b172c0,True,1,False,0,0,True,False
/contact.html,390,844,29e16c24-e5ed-4578-8e94-5d2455b172c0,True,1,False,0,0,True,False
/contact.html,1440,900,29e16c24-e5ed-4578-8e94-5d2455b172c0,True,1,False,0,0,True,False
/docs.html,390,844,29e16c24-e5ed-4578-8e94-5d2455b172c0,True,1,False,0,0,True,False
/docs.html,1440,900,29e16c24-e5ed-4578-8e94-5d2455b172c0,True,1,False,0,0,True,False
/firefly-living-lights.html,390,844,29e16c24-e5ed-4578-8e94-5d2455b172c0,True,1,False,0,0,True,False
/firefly-living-lights.html,1440,900,29e16c24-e5ed-4578-8e94-5d2455b172c0,True,1,False,0,0,True,False
/index.html,390,844,29e16c24-e5ed-4578-8e94-5d2455b172c0,True,1,False,0,0,True,False
/index.html,1440,900,29e16c24-e5ed-4578-8e94-5d2455b172c0,True,1,False,0,0,True,False
/preview/media/index.html,390,844,29e16c24-e5ed-4578-8e94-5d2455b172c0,True,1,False,0,0,True,False
/preview/media/index.html,1440,900,29e16c24-e5ed-4578-8e94-5d2455b172c0,True,1,False,0,0,True,False
/preview/shell/index.html,390,844,29e16c24-e5ed-4578-8e94-5d2455b172c0,True,1,False,0,0,True,False
/preview/shell/index.html,1440,900,29e16c24-e5ed-4578-8e94-5d2455b172c0,True,1,False,0,0,True,False
/projects.html,390,844,29e16c24-e5ed-4578-8e94-5d2455b172c0,True,1,False,0,0,True,False
/projects.html,1440,900,29e16c24-e5ed-4578-8e94-5d2455b172c0,True,1,False,0,0,True,False
/projects/artifact-os.html,390,844,29e16c24-e5ed-4578-8e94-5d2455b172c0,True,1,False,0,0,True,False
/projects/artifact-os.html,1440,900,29e16c24-e5ed-4578-8e94-5d2455b172c0,True,1,False,0,0,True,False
/projects/batchquote.html,390,844,29e16c24-e5ed-4578-8e94-5d2455b172c0,True,1,False,0,0,True,False
/projects/batchquote.html,1440,900,29e16c24-e5ed-4578-8e94-5d2455b172c0,True,1,False,0,0,True,False
/projects/cedar-bracket-cover-planters.html,390,844,29e16c24-e5ed-4578-8e94-5d2455b172c0,True,1,False,0,0,True,False
/projects/cedar-bracket-cover-planters.html,1440,900,29e16c24-e5ed-4578-8e94-5d2455b172c0,True,1,False,0,0,True,False
/projects/clearfloor.html,390,844,29e16c24-e5ed-4578-8e94-5d2455b172c0,True,1,False,0,0,True,False
/projects/clearfloor.html,1440,900,29e16c24-e5ed-4578-8e94-5d2455b172c0,True,1,False,0,0,True,False
/projects/context-passport-compiler.html,390,844,29e16c24-e5ed-4578-8e94-5d2455b172c0,True,1,False,0,0,True,False
/projects/context-passport-compiler.html,1440,900,29e16c24-e5ed-4578-8e94-5d2455b172c0,True,1,False,0,0,True,False
/projects/easter-tomb.html,390,844,29e16c24-e5ed-4578-8e94-5d2455b172c0,True,1,False,0,0,True,False
/projects/easter-tomb.html,1440,900,29e16c24-e5ed-4578-8e94-5d2455b172c0,True,1,False,0,0,True,False
/projects/family-card-chaos.html,390,844,29e16c24-e5ed-4578-8e94-5d2455b172c0,True,1,False,0,0,True,False
/projects/family-card-chaos.html,1440,900,29e16c24-e5ed-4578-8e94-5d2455b172c0,True,1,False,0,0,True,False
/projects/functional-print-fit.html,390,844,29e16c24-e5ed-4578-8e94-5d2455b172c0,True,1,False,0,0,True,False
/projects/functional-print-fit.html,1440,900,29e16c24-e5ed-4578-8e94-5d2455b172c0,True,1,False,0,0,True,False
/projects/glimmerlings.html,390,844,29e16c24-e5ed-4578-8e94-5d2455b172c0,True,1,False,0,0,True,False
/projects/glimmerlings.html,1440,900,29e16c24-e5ed-4578-8e94-5d2455b172c0,True,1,False,0,0,True,False
/projects/mechanical-whale.html,390,844,29e16c24-e5ed-4578-8e94-5d2455b172c0,True,1,False,0,0,True,False
/projects/mechanical-whale.html,1440,900,29e16c24-e5ed-4578-8e94-5d2455b172c0,True,1,False,0,0,True,False
/projects/olsen-music-studio.html,390,844,29e16c24-e5ed-4578-8e94-5d2455b172c0,True,1,False,0,0,True,False
/projects/olsen-music-studio.html,1440,900,29e16c24-e5ed-4578-8e94-5d2455b172c0,True,1,False,0,0,True,False
/projects/photography-visual-production.html,390,844,29e16c24-e5ed-4578-8e94-5d2455b172c0,True,1,False,0,0,True,False
/projects/photography-visual-production.html,1440,900,29e16c24-e5ed-4578-8e94-5d2455b172c0,True,1,False,0,0,True,False
/projects/product-image-production.html,390,844,29e16c24-e5ed-4578-8e94-5d2455b172c0,True,1,False,0,0,True,False
/projects/product-image-production.html,1440,900,29e16c24-e5ed-4578-8e94-5d2455b172c0,True,1,False,0,0,True,False
/projects/role-specific-application-portfolios.html,390,844,29e16c24-e5ed-4578-8e94-5d2455b172c0,True,1,False,0,0,True,False
/projects/role-specific-application-portfolios.html,1440,900,29e16c24-e5ed-4578-8e94-5d2455b172c0,True,1,False,0,0,True,False
/projects/sandy-miniatures.html,390,844,29e16c24-e5ed-4578-8e94-5d2455b172c0,True,1,False,0,0,True,False
/projects/sandy-miniatures.html,1440,900,29e16c24-e5ed-4578-8e94-5d2455b172c0,True,1,False,0,0,True,False
/projects/sauce-private-roku.html,390,844,29e16c24-e5ed-4578-8e94-5d2455b172c0,True,1,False,0,0,True,False
/projects/sauce-private-roku.html,1440,900,29e16c24-e5ed-4578-8e94-5d2455b172c0,True,1,False,0,0,True,False
/projects/scribr.html,390,844,29e16c24-e5ed-4578-8e94-5d2455b172c0,True,1,False,0,0,True,False
/projects/scribr.html,1440,900,29e16c24-e5ed-4578-8e94-5d2455b172c0,True,1,False,0,0,True,False
/projects/stateseal.html,390,844,29e16c24-e5ed-4578-8e94-5d2455b172c0,True,1,False,0,0,True,False
/projects/stateseal.html,1440,900,29e16c24-e5ed-4578-8e94-5d2455b172c0,True,1,False,0,0,True,False
/projects/territory-sales-execution.html,390,844,29e16c24-e5ed-4578-8e94-5d2455b172c0,True,1,False,0,0,True,False
/projects/territory-sales-execution.html,1440,900,29e16c24-e5ed-4578-8e94-5d2455b172c0,True,1,False,0,0,True,False
/projects/visual-ai-evaluation.html,390,844,29e16c24-e5ed-4578-8e94-5d2455b172c0,True,1,False,0,0,True,False
/projects/visual-ai-evaluation.html,1440,900,29e16c24-e5ed-4578-8e94-5d2455b172c0,True,1,False,0,0,True,False
/projects/wing-light.html,390,844,29e16c24-e5ed-4578-8e94-5d2455b172c0,True,1,False,0,0,True,False
/projects/wing-light.html,1440,900,29e16c24-e5ed-4578-8e94-5d2455b172c0,True,1,False,0,0,True,False
/support.html,390,844,29e16c24-e5ed-4578-8e94-5d2455b172c0,True,1,False,0,0,True,False
/support.html,1440,900,29e16c24-e5ed-4578-8e94-5d2455b172c0,True,1,False,0,0,True,False
/verify.html,390,844,29e16c24-e5ed-4578-8e94-5d2455b172c0,True,1,False,0,0,True,False
/verify.html,1440,900,29e16c24-e5ed-4578-8e94-5d2455b172c0,True,1,False,0,0,True,False
/workshop.html,390,844,29e16c24-e5ed-4578-8e94-5d2455b172c0,True,1,False,0,0,True,False
/workshop.html,1440,900,29e16c24-e5ed-4578-8e94-5d2455b172c0,True,1,False,0,0,True,False
