route,viewport,title,width,scrollWidth,bodyHeight,visibleBroken,noindex
/404.html,1440x900,Page not found | Olsen Automation,1440,1440,590,[],"noindex,nofollow,noarchive,nosnippet"
/ai-visibility.html,1440x900,AI Visibility Monitoring & Improvement | Olsen Automation,1440,1425,10589,[],"noindex,nofollow,noarchive,nosnippet"
/arc-forge.html,1440x900,ARC//FORGE — Build the Machine. Discover the System.,1440,1425,5755,[],"noindex,nofollow,noarchive,nosnippet"
/cassette-mp4.html,1440x900,Cassette.mp4 | Olsen Automation LLC,1440,1425,2820,[],"noindex,nofollow,noarchive,nosnippet"
/contact.html,1440x900,Contact | Olsen Automation LLC,1440,1425,1202,[],"noindex,nofollow,noarchive,nosnippet"
/docs.html,1440x900,Docs | Olsen Automation LLC,1440,1425,2241,[],"noindex,nofollow,noarchive,nosnippet"
/firefly-living-lights.html,1440x900,Living Lights / Firefly System | Olsen Automation,1440,1425,16253,[],"noindex,nofollow,noarchive,nosnippet"
/index.html,1440x900,Olsen Automation LLC,1440,1425,10603,[],"noindex,nofollow,noarchive,nosnippet"
/projects.html,1440x900,Project atlas | Olsen Automation,1440,1425,2084,[],"noindex,nofollow,noarchive,nosnippet"
/support.html,1440x900,Support | Olsen Automation LLC,1440,1425,1399,[],"noindex,nofollow,noarchive,nosnippet"
/verify.html,1440x900,Verify | Olsen Automation LLC,1440,1425,2106,[],"noindex,nofollow,noarchive,nosnippet"
/workshop.html,1440x900,AI Without the Hype | Olsen Automation,1440,1425,8773,[],"noindex,nofollow,noarchive,nosnippet"
/projects/artifact-os.html,1440x900,Artifact OS | Olsen Automation,1440,1425,1116,[],"noindex,nofollow,noarchive,nosnippet"
/projects/batchquote.html,1440x900,BatchQuote | Olsen Automation,1440,1425,1074,[],"noindex,nofollow,noarchive,nosnippet"
/projects/cedar-bracket-cover-planters.html,1440x900,Cedar Bracket-Cover Planters | Olsen Automation,1440,1425,2520,[],"noindex,nofollow,noarchive,nosnippet"
/projects/clearfloor.html,1440x900,ClearFloor | Olsen Automation,1440,1425,1116,[],"noindex,nofollow,noarchive,nosnippet"
/projects/context-passport-compiler.html,1440x900,Context Passport Compiler | Olsen Automation,1440,1425,1159,[],"noindex,nofollow,noarchive,nosnippet"
/projects/easter-tomb.html,1440x900,Easter Tomb | Olsen Automation,1440,1425,2460,[],"noindex,nofollow,noarchive,nosnippet"
/projects/family-card-chaos.html,1440x900,Family Card Chaos | Olsen Automation,1440,1425,1926,[],"noindex,nofollow,noarchive,nosnippet"
/projects/functional-print-fit.html,1440x900,Functional Print & Fit | Olsen Automation,1440,1425,1074,[],"noindex,nofollow,noarchive,nosnippet"
/projects/glimmerlings.html,1440x900,Glimmerlings | Olsen Automation,1440,1425,1074,[],"noindex,nofollow,noarchive,nosnippet"
/projects/mechanical-whale.html,1440x900,Mechanical Whale | Olsen Automation,1440,1425,2846,[],"noindex,nofollow,noarchive,nosnippet"
/projects/olsen-music-studio.html,1440x900,Olsen Music Studio | Olsen Automation,1440,1425,1951,[],"noindex,nofollow,noarchive,nosnippet"
/projects/photography-visual-production.html,1440x900,Photography & Visual Production | Olsen Automation,1440,1425,1237,[],"noindex,nofollow,noarchive,nosnippet"
/projects/product-image-production.html,1440x900,Product Image Production | Olsen Automation,1440,1425,1159,[],"noindex,nofollow,noarchive,nosnippet"
/projects/role-specific-application-portfolios.html,1440x900,Role-Specific Application Portfolios | Olsen Automation,1440,1425,1159,[],"noindex,nofollow,noarchive,nosnippet"
/projects/sandy-miniatures.html,1440x900,Sandy Miniatures | Olsen Automation,1440,1425,1074,[],"noindex,nofollow,noarchive,nosnippet"
/projects/sauce-private-roku.html,1440x900,Sauce+ Private Roku | Olsen Automation,1440,1425,1074,[],"noindex,nofollow,noarchive,nosnippet"
/projects/scribr.html,1440x900,Scribr | Olsen Automation,1440,1425,1834,[],"noindex,nofollow,noarchive,nosnippet"
/projects/stateseal.html,1440x900,StateSeal | Olsen Automation,1440,1425,1074,[],"noindex,nofollow,noarchive,nosnippet"
/projects/territory-sales-execution.html,1440x900,Territory Sales Execution | Olsen Automation,1440,1425,1074,[],"noindex,nofollow,noarchive,nosnippet"
/projects/visual-ai-evaluation.html,1440x900,Visual AI Evaluation | Olsen Automation,1440,1425,1074,[],"noindex,nofollow,noarchive,nosnippet"
/projects/wing-light.html,1440x900,Wing & Light | Olsen Automation,1440,1425,2436,[],"noindex,nofollow,noarchive,nosnippet"
/preview/shell/index.html,1440x900,Shared shell preview | Olsen Automation,1440,1425,2740,[],"noindex,nofollow,noarchive,nosnippet"
/preview/media/index.html,1440x900,Workshop media preview | Olsen Automation,1440,1425,4483,[],"noindex,nofollow,noarchive,nosnippet"
/404.html,390x844,Page not found | Olsen Automation,390,390,586,[],"noindex,nofollow,noarchive,nosnippet"
/ai-visibility.html,390x844,AI Visibility Monitoring & Improvement | Olsen Automation,390,375,13291,[],"noindex,nofollow,noarchive,nosnippet"
/arc-forge.html,390x844,ARC//FORGE — Build the Machine. Discover the System.,390,375,6298,[],"noindex,nofollow,noarchive,nosnippet"
/cassette-mp4.html,390x844,Cassette.mp4 | Olsen Automation LLC,390,375,3703,[],"noindex,nofollow,noarchive,nosnippet"
/contact.html,390x844,Contact | Olsen Automation LLC,390,375,1190,[],"noindex,nofollow,noarchive,nosnippet"
/docs.html,390x844,Docs | Olsen Automation LLC,390,375,2976,[],"noindex,nofollow,noarchive,nosnippet"
/firefly-living-lights.html,390x844,Living Lights / Firefly System | Olsen Automation,390,375,31821,[],"noindex,nofollow,noarchive,nosnippet"
/index.html,390x844,Olsen Automation LLC,390,375,16253,[],"noindex,nofollow,noarchive,nosnippet"
/projects.html,390x844,Project atlas | Olsen Automation,390,375,4425,[],"noindex,nofollow,noarchive,nosnippet"
/support.html,390x844,Support | Olsen Automation LLC,390,375,1605,[],"noindex,nofollow,noarchive,nosnippet"
/verify.html,390x844,Verify | Olsen Automation LLC,390,375,2624,[],"noindex,nofollow,noarchive,nosnippet"
/workshop.html,390x844,AI Without the Hype | Olsen Automation,390,375,12490,[],"noindex,nofollow,noarchive,nosnippet"
/projects/artifact-os.html,390x844,Artifact OS | Olsen Automation,390,375,1209,[],"noindex,nofollow,noarchive,nosnippet"
/projects/batchquote.html,390x844,BatchQuote | Olsen Automation,390,375,1209,[],"noindex,nofollow,noarchive,nosnippet"
/projects/cedar-bracket-cover-planters.html,390x844,Cedar Bracket-Cover Planters | Olsen Automation,390,375,2328,[],"noindex,nofollow,noarchive,nosnippet"
/projects/clearfloor.html,390x844,ClearFloor | Olsen Automation,390,375,1209,[],"noindex,nofollow,noarchive,nosnippet"
/projects/context-passport-compiler.html,390x844,Context Passport Compiler | Olsen Automation,390,375,1251,[],"noindex,nofollow,noarchive,nosnippet"
/projects/easter-tomb.html,390x844,Easter Tomb | Olsen Automation,390,375,2487,[],"noindex,nofollow,noarchive,nosnippet"
/projects/family-card-chaos.html,390x844,Family Card Chaos | Olsen Automation,390,375,2432,[],"noindex,nofollow,noarchive,nosnippet"
/projects/functional-print-fit.html,390x844,Functional Print & Fit | Olsen Automation,390,375,1251,[],"noindex,nofollow,noarchive,nosnippet"
/projects/glimmerlings.html,390x844,Glimmerlings | Olsen Automation,390,375,1179,[],"noindex,nofollow,noarchive,nosnippet"
/projects/mechanical-whale.html,390x844,Mechanical Whale | Olsen Automation,390,375,4208,[],"noindex,nofollow,noarchive,nosnippet"
/projects/olsen-music-studio.html,390x844,Olsen Music Studio | Olsen Automation,390,375,2456,[],"noindex,nofollow,noarchive,nosnippet"
/projects/photography-visual-production.html,390x844,Photography & Visual Production | Olsen Automation,390,375,1330,[],"noindex,nofollow,noarchive,nosnippet"
/projects/product-image-production.html,390x844,Product Image Production | Olsen Automation,390,375,1246,[],"noindex,nofollow,noarchive,nosnippet"
/projects/role-specific-application-portfolios.html,390x844,Role-Specific Application Portfolios | Olsen Automation,390,375,1288,[],"noindex,nofollow,noarchive,nosnippet"
/projects/sandy-miniatures.html,390x844,Sandy Miniatures | Olsen Automation,390,375,1209,[],"noindex,nofollow,noarchive,nosnippet"
/projects/sauce-private-roku.html,390x844,Sauce+ Private Roku | Olsen Automation,390,375,1251,[],"noindex,nofollow,noarchive,nosnippet"
/projects/scribr.html,390x844,Scribr | Olsen Automation,390,375,1652,[],"noindex,nofollow,noarchive,nosnippet"
/projects/stateseal.html,390x844,StateSeal | Olsen Automation,390,375,1209,[],"noindex,nofollow,noarchive,nosnippet"
/projects/territory-sales-execution.html,390x844,Territory Sales Execution | Olsen Automation,390,375,1276,[],"noindex,nofollow,noarchive,nosnippet"
/projects/visual-ai-evaluation.html,390x844,Visual AI Evaluation | Olsen Automation,390,375,1246,[],"noindex,nofollow,noarchive,nosnippet"
/projects/wing-light.html,390x844,Wing & Light | Olsen Automation,390,375,2758,[],"noindex,nofollow,noarchive,nosnippet"
/preview/shell/index.html,390x844,Shared shell preview | Olsen Automation,390,375,4071,[],"noindex,nofollow,noarchive,nosnippet"
/preview/media/index.html,390x844,Workshop media preview | Olsen Automation,390,375,5260,[],"noindex,nofollow,noarchive,nosnippet"
