id,source,source_sha256,candidate,treatment,url,sha256,bytes,width,height
whale-presentation,assets/project-photos/whale-presentation.png,9c343e221d8fdab8e15554481c274db98ebfadf97c0df7a442810ebfd6610140,IMG-003,AI-retouched presentation,/media/whale-presentation-384.176d857068c2.webp,176d857068c285117ffa6483e4ff01a9d14dc9595736ea1a16088f853d362345,10034,384,288
whale-presentation,assets/project-photos/whale-presentation.png,9c343e221d8fdab8e15554481c274db98ebfadf97c0df7a442810ebfd6610140,IMG-003,AI-retouched presentation,/media/whale-presentation-768.636aaf27f9d6.webp,636aaf27f9d63dcb3ff23b49affe79102190edcb147d079444e6a0814470fb6b,29346,768,576
whale-presentation,assets/project-photos/whale-presentation.png,9c343e221d8fdab8e15554481c274db98ebfadf97c0df7a442810ebfd6610140,IMG-003,AI-retouched presentation,/media/whale-presentation-1280.ea991a51e318.webp,ea991a51e318f9e5bf5fdbd86d9917f6c2121c3f942e674788156d3fdfe720ae,62860,1280,960
whale-presentation,assets/project-photos/whale-presentation.png,9c343e221d8fdab8e15554481c274db98ebfadf97c0df7a442810ebfd6610140,IMG-003,AI-retouched presentation,/media/whale-presentation-1280.16826be3f67d.jpg,16826be3f67df93633b48bfec25ac2c03b76606fce626a7e8bf9ccab114891a8,123644,1280,960
whale-assembly,assets/project-photos/whale-assembly.png,fee4e98c64a7a41fe9a740fecda9eac884267fc8ac14c121c26bda4d0311469a,IMG-003,Supplied build photograph,/media/whale-assembly-384.eddaed30e146.webp,eddaed30e146c1210354f621d4ff0f2770b0f38f95c074680a8cfeede6067e8d,27376,384,288
whale-assembly,assets/project-photos/whale-assembly.png,fee4e98c64a7a41fe9a740fecda9eac884267fc8ac14c121c26bda4d0311469a,IMG-003,Supplied build photograph,/media/whale-assembly-768.1116b6086759.webp,1116b6086759a5bfb267d2b7cfc8c9caf2622c0cb62c889302d2f308dbfabc0f,85318,768,576
whale-assembly,assets/project-photos/whale-assembly.png,fee4e98c64a7a41fe9a740fecda9eac884267fc8ac14c121c26bda4d0311469a,IMG-003,Supplied build photograph,/media/whale-assembly-1280.8af3a8c6d875.webp,8af3a8c6d875d20d3e01c01628933de0831fbd209f6f63e7cbe2d1d09425b20a,160304,1280,960
whale-assembly,assets/project-photos/whale-assembly.png,fee4e98c64a7a41fe9a740fecda9eac884267fc8ac14c121c26bda4d0311469a,IMG-003,Supplied build photograph,/media/whale-assembly-1280.ff17af18c9ed.jpg,ff17af18c9ed2124d9c8231459d87eb8eaa8fc2fa22795749ac4239bb76758e5,242194,1280,960
whale-hinge,assets/project-photos/whale-hinge.png,5f5bdb61bbe86480083f958a46c77672c2d0a13506bfc7498b453444491b06bd,IMG-001,Supplied physical-test photograph,/media/whale-hinge-384.16273383f816.webp,16273383f816952a497f9a3c78c9b5a9e88b58c7effa8beed02d2859acc8742c,14432,384,288
whale-hinge,assets/project-photos/whale-hinge.png,5f5bdb61bbe86480083f958a46c77672c2d0a13506bfc7498b453444491b06bd,IMG-001,Supplied physical-test photograph,/media/whale-hinge-768.e5b21edb10be.webp,e5b21edb10be59e43efae1a7a96924c4a635adcff51aecf28d571276b8045a21,46114,768,576
whale-hinge,assets/project-photos/whale-hinge.png,5f5bdb61bbe86480083f958a46c77672c2d0a13506bfc7498b453444491b06bd,IMG-001,Supplied physical-test photograph,/media/whale-hinge-1280.05f15d7d54fa.webp,05f15d7d54fab8eb8d4becb07887170e2adad26c1f2a47b2eaa7263b4538d0a8,90912,1280,960
whale-hinge,assets/project-photos/whale-hinge.png,5f5bdb61bbe86480083f958a46c77672c2d0a13506bfc7498b453444491b06bd,IMG-001,Supplied physical-test photograph,/media/whale-hinge-1280.1746fe164ea7.jpg,1746fe164ea7ce11c363d11eb02b336e8f09504ec35ec5943a439fcc10bdcc4f,155923,1280,960
tomb-presentation,assets/project-photos/tomb-presentation.png,bea52cc057ad1faaf3ac3fad647808666f44381b879fc9366c17048a024a3b7e,IMG-020,AI-retouched presentation,/media/tomb-presentation-384.64d46df7ddfa.webp,64d46df7ddfaeefb364d8d6d48e981481b7b6ce1bf254c34d44a9cea83cb3ed0,11420,384,512
tomb-presentation,assets/project-photos/tomb-presentation.png,bea52cc057ad1faaf3ac3fad647808666f44381b879fc9366c17048a024a3b7e,IMG-020,AI-retouched presentation,/media/tomb-presentation-768.4e6c1eec0394.webp,4e6c1eec03946638ac4c4bc94edb499d60fc89889a97b52fb6b4b6ccfea89416,29346,768,1024
tomb-presentation,assets/project-photos/tomb-presentation.png,bea52cc057ad1faaf3ac3fad647808666f44381b879fc9366c17048a024a3b7e,IMG-020,AI-retouched presentation,/media/tomb-presentation-1086.bf3ebbf0b746.webp,bf3ebbf0b746a25abc6e0cbf83d380cbd956ab1fe852246bdad0da8f355b82c7,51738,1086,1448
tomb-presentation,assets/project-photos/tomb-presentation.png,bea52cc057ad1faaf3ac3fad647808666f44381b879fc9366c17048a024a3b7e,IMG-020,AI-retouched presentation,/media/tomb-presentation-1086.f1d6d96bf64b.jpg,f1d6d96bf64bb20d6878fc031006737d6196bdd1255e64662525e8aa8e80bd6e,108880,1086,1448
tomb-assembly,assets/project-photos/tomb-assembly.png,91ec2ee2015435068b5a0e6959c6c19a51dcb6313a7fae894d706fbc7ac7363d,IMG-018,Supplied assembly photograph,/media/tomb-assembly-384.ba8d0aee9f8d.webp,ba8d0aee9f8d2aa06f0f4c49afd3d0b6c3a4efb1852fbdf0af12ec28302d70ae,18278,384,512
tomb-assembly,assets/project-photos/tomb-assembly.png,91ec2ee2015435068b5a0e6959c6c19a51dcb6313a7fae894d706fbc7ac7363d,IMG-018,Supplied assembly photograph,/media/tomb-assembly-768.ffd98d72a4a7.webp,ffd98d72a4a7cda7d16f73c1f9436bcdd66e2118828d83fbfb776bbdd91adeb5,49140,768,1024
tomb-assembly,assets/project-photos/tomb-assembly.png,91ec2ee2015435068b5a0e6959c6c19a51dcb6313a7fae894d706fbc7ac7363d,IMG-018,Supplied assembly photograph,/media/tomb-assembly-1152.f95d1dd69c3c.webp,f95d1dd69c3c3995c0cbafbc8a45371aeacb9256121a1e71c62f4305a13a9583,91430,1152,1536
tomb-assembly,assets/project-photos/tomb-assembly.png,91ec2ee2015435068b5a0e6959c6c19a51dcb6313a7fae894d706fbc7ac7363d,IMG-018,Supplied assembly photograph,/media/tomb-assembly-1152.5bc0c9bd18ca.jpg,5bc0c9bd18ca39e7124fc36dcd9eeead0a099edbab744c8da21ab5bf81f1a3b1,168577,1152,1536
cedar-presentation,assets/project-photos/cedar-presentation.png,faa54e1b7b819a0100e82a79568f9e0c9f59ae9f97c95bd64796b74d2cdb5d77,IMG-032,AI-retouched presentation,/media/cedar-presentation-384.a8d0952027a8.webp,a8d0952027a80087e7b5d1076c93b70bd30d8fc52bcfcc717430d50987a0c316,6130,384,288
cedar-presentation,assets/project-photos/cedar-presentation.png,faa54e1b7b819a0100e82a79568f9e0c9f59ae9f97c95bd64796b74d2cdb5d77,IMG-032,AI-retouched presentation,/media/cedar-presentation-768.037c09a0f6d3.webp,037c09a0f6d330f3bafad325604b9e17f5b2fa905bcdaaaa0d1cdc38eff74e95,19908,768,576
cedar-presentation,assets/project-photos/cedar-presentation.png,faa54e1b7b819a0100e82a79568f9e0c9f59ae9f97c95bd64796b74d2cdb5d77,IMG-032,AI-retouched presentation,/media/cedar-presentation-1280.8870d0db1cc7.webp,8870d0db1cc775dfb8fff750ec3fe56747dbf7319e4c768bdb8769c2ef434e7b,48972,1280,960
cedar-presentation,assets/project-photos/cedar-presentation.png,faa54e1b7b819a0100e82a79568f9e0c9f59ae9f97c95bd64796b74d2cdb5d77,IMG-032,AI-retouched presentation,/media/cedar-presentation-1280.8de009f4d1a2.jpg,8de009f4d1a24fd3c254223d0c83c6a1456f7edf9db1ea170fc6de9a9ff9d16e,114409,1280,960
cedar-detail,assets/project-photos/cedar-detail.png,d52619f7937be81ebea660843b1a81bbdb59d6e130dbef9d6c7d562de8b4b90e,IMG-033,Supplied construction-detail photograph,/media/cedar-detail-384.1ed54fec0204.webp,1ed54fec02040d5c76c32ef3202d4129cda5484f152309d0eb0b212daf4bf902,30826,384,512
cedar-detail,assets/project-photos/cedar-detail.png,d52619f7937be81ebea660843b1a81bbdb59d6e130dbef9d6c7d562de8b4b90e,IMG-033,Supplied construction-detail photograph,/media/cedar-detail-768.c57976a02d00.webp,c57976a02d0078e0f6663e9c88c9bc86962fdd71f828be51613af88b7fc3efa9,84250,768,1024
cedar-detail,assets/project-photos/cedar-detail.png,d52619f7937be81ebea660843b1a81bbdb59d6e130dbef9d6c7d562de8b4b90e,IMG-033,Supplied construction-detail photograph,/media/cedar-detail-1080.68da146e9159.webp,68da146e915969e9a7cf010c066dc2360a3154b2813c22f72a14c4634c87dba8,169240,1080,1440
cedar-detail,assets/project-photos/cedar-detail.png,d52619f7937be81ebea660843b1a81bbdb59d6e130dbef9d6c7d562de8b4b90e,IMG-033,Supplied construction-detail photograph,/media/cedar-detail-1080.2a0ca6ac36ef.jpg,2a0ca6ac36ef976adc48c2eb61a987b71eb3f47cf34d4ddd9eb509ce677256ae,292461,1080,1440
scribr-transcribe,assets/project-photos/scribr-transcribe.png,91b99978901cf54cd9be614a6e6b814f35866fc422bd022ea3225eb67348e75a,IMG-059,Unaltered application capture,/media/scribr-transcribe-384.2b16b50c0943.webp,2b16b50c0943f3e5e819a535fa7c8b551c5fd0283508874c70ea3337ccdae07a,7142,384,273
scribr-transcribe,assets/project-photos/scribr-transcribe.png,91b99978901cf54cd9be614a6e6b814f35866fc422bd022ea3225eb67348e75a,IMG-059,Unaltered application capture,/media/scribr-transcribe-768.f5c7d94d80c0.webp,f5c7d94d80c0080ec505a434be757918e1bf79dacc66fde494e70446fdb99091,18342,768,545
scribr-transcribe,assets/project-photos/scribr-transcribe.png,91b99978901cf54cd9be614a6e6b814f35866fc422bd022ea3225eb67348e75a,IMG-059,Unaltered application capture,/media/scribr-transcribe-1280.c06f70c37a92.webp,c06f70c37a92baab36101cfa34886b49f2265a4e27999f7603ded7ae56a0af42,33474,1280,907
scribr-transcribe,assets/project-photos/scribr-transcribe.png,91b99978901cf54cd9be614a6e6b814f35866fc422bd022ea3225eb67348e75a,IMG-059,Unaltered application capture,/media/scribr-transcribe-1280.bd564ea28d8d.jpg,bd564ea28d8d1f12a06b721163a575d1652981d9b7a359f5cab35cf16f6db972,96489,1280,907
wing-light-home,assets/project-photos/wing-light-home.png,9d24ca6135bacb6ea77d81533c29f1bb917336d964c2be82e4ae56ebcbf90bf9,IMG-046,Unaltered simulator capture,/media/wing-light-home-384.4496c4c62266.webp,4496c4c622661d413742a93e2327764b52b103e70adae378d8947a8a2051a2d7,9942,384,835
wing-light-home,assets/project-photos/wing-light-home.png,9d24ca6135bacb6ea77d81533c29f1bb917336d964c2be82e4ae56ebcbf90bf9,IMG-046,Unaltered simulator capture,/media/wing-light-home-768.84cc533422f9.webp,84cc533422f9d81dc865d752c17cd630e5108a63f8c76901400432a23dd9dc67,23348,768,1669
wing-light-home,assets/project-photos/wing-light-home.png,9d24ca6135bacb6ea77d81533c29f1bb917336d964c2be82e4ae56ebcbf90bf9,IMG-046,Unaltered simulator capture,/media/wing-light-home-1280.f4533d96276a.webp,f4533d96276a7df4af5296d98303f847bb902584cb8ace2656a998e7eebd3ad6,42208,1280,2782
wing-light-home,assets/project-photos/wing-light-home.png,9d24ca6135bacb6ea77d81533c29f1bb917336d964c2be82e4ae56ebcbf90bf9,IMG-046,Unaltered simulator capture,/media/wing-light-home-1280.9f4b0521cb21.jpg,9f4b0521cb217b9980dc45c9b4f24071a5b33cb92982cb82518922d33c3276c9,139599,1280,2781
wing-light-calm,assets/project-photos/wing-light-calm.png,daae92e76dfb6c09585948c6a7cfa89dff25a1920745dfc40a3067cdc5fd4dad,IMG-048,Unaltered simulator capture,/media/wing-light-calm-384.1079746dff11.webp,1079746dff11743aa5d8b5b451cba6ce23dbebb99fef25f7ca745440dc6220ae,14450,384,835
wing-light-calm,assets/project-photos/wing-light-calm.png,daae92e76dfb6c09585948c6a7cfa89dff25a1920745dfc40a3067cdc5fd4dad,IMG-048,Unaltered simulator capture,/media/wing-light-calm-768.bdc8f19db16f.webp,bdc8f19db16feb2e55ec6cfc6506794d83c8acd01609ffef80bcd91bde8c3ff2,35324,768,1669
wing-light-calm,assets/project-photos/wing-light-calm.png,daae92e76dfb6c09585948c6a7cfa89dff25a1920745dfc40a3067cdc5fd4dad,IMG-048,Unaltered simulator capture,/media/wing-light-calm-1280.47b8e453bc42.webp,47b8e453bc4210a1d7d0a10c5a6cdd05bce6a45fb55b63c0aa710d4039f7624a,66638,1280,2782
wing-light-calm,assets/project-photos/wing-light-calm.png,daae92e76dfb6c09585948c6a7cfa89dff25a1920745dfc40a3067cdc5fd4dad,IMG-048,Unaltered simulator capture,/media/wing-light-calm-1280.588890785690.jpg,5888907856907f4f4e93bb3d2d87d97a52814dc5902de1a16fc0cc606a3199c5,173419,1280,2781
living-lights-habitat,images/living-lights/living-lights-outdoor-habitat.jpg,c6257ef6477b2ab1621b98c39e4761a36c63c95fbd47ec8c3dc755238d4fb780,,Existing public project asset,/media/living-lights-habitat-384.45629b6b15d3.webp,45629b6b15d3a20d61bd98698c1f2a43c49d9883239cd95fecc0ce9ab6c478c7,11224,384,216
living-lights-habitat,images/living-lights/living-lights-outdoor-habitat.jpg,c6257ef6477b2ab1621b98c39e4761a36c63c95fbd47ec8c3dc755238d4fb780,,Existing public project asset,/media/living-lights-habitat-768.084e6a2257d8.webp,084e6a2257d8cb3f145437e47471379b4f4cfa06310da18aea217d6a763eff05,39024,768,432
living-lights-habitat,images/living-lights/living-lights-outdoor-habitat.jpg,c6257ef6477b2ab1621b98c39e4761a36c63c95fbd47ec8c3dc755238d4fb780,,Existing public project asset,/media/living-lights-habitat-1280.149da1a83381.webp,149da1a83381bd9c2d9ae0d97a7541c5640f1dcae476abefa0367689035e8685,84784,1280,720
living-lights-habitat,images/living-lights/living-lights-outdoor-habitat.jpg,c6257ef6477b2ab1621b98c39e4761a36c63c95fbd47ec8c3dc755238d4fb780,,Existing public project asset,/media/living-lights-habitat-1280.cdbaad748bf0.jpg,cdbaad748bf08079a33cb1d2bebd3707ecad1efa6e03872cfbc32969817652ba,136742,1280,720
living-lights-board,images/living-lights/control-board.jpg,c46aa0493fe64d3a2c0bf233372014a73da75bad740e1eab36d3cde3b34daa35,,Existing public project asset,/media/living-lights-board-384.b628041ca4b7.webp,b628041ca4b72d1cb6b7e5e3851ce045b6ca4532bb6fa86c2a8ebad0c29a7a2e,40360,384,512
living-lights-board,images/living-lights/control-board.jpg,c46aa0493fe64d3a2c0bf233372014a73da75bad740e1eab36d3cde3b34daa35,,Existing public project asset,/media/living-lights-board-768.b416c5e7f590.webp,b416c5e7f5907e0288f23f9f25ff0ad29ab60bf8189f012c27b316431ae1cf7b,98300,768,1024
living-lights-board,images/living-lights/control-board.jpg,c46aa0493fe64d3a2c0bf233372014a73da75bad740e1eab36d3cde3b34daa35,,Existing public project asset,/media/living-lights-board-1152.ad394aef2f86.webp,ad394aef2f862d297f10d276c76d48395eb1931b06d358d6352c7bfc6577b5c4,175560,1152,1536
living-lights-board,images/living-lights/control-board.jpg,c46aa0493fe64d3a2c0bf233372014a73da75bad740e1eab36d3cde3b34daa35,,Existing public project asset,/media/living-lights-board-1152.bd4c8170dab5.jpg,bd4c8170dab5b11d195ebb58b1427f51b735ce5a297aef15ede70eec64ab9888,240212,1152,1536
arc-forge-scene,assets/arc-forge/machine-cycle-02.webp,c19653c67a1072efe06146c965fc85a2bf976a73e079390a4a918f185e70e322,,Existing public project asset,/media/arc-forge-scene-384.5c765899afe0.webp,5c765899afe06afc740c3de2cdfd0aac39645b393dc0e4cf4a469aec89c3c722,13348,384,217
arc-forge-scene,assets/arc-forge/machine-cycle-02.webp,c19653c67a1072efe06146c965fc85a2bf976a73e079390a4a918f185e70e322,,Existing public project asset,/media/arc-forge-scene-768.75751796fa41.webp,75751796fa41a9ca4a3beefab14de6d65a33b39997097b9f03b78973a94ea631,43768,768,433
arc-forge-scene,assets/arc-forge/machine-cycle-02.webp,c19653c67a1072efe06146c965fc85a2bf976a73e079390a4a918f185e70e322,,Existing public project asset,/media/arc-forge-scene-1280.ff8b4c93cb15.webp,ff8b4c93cb15fbbf68e7cfe4827289af0f77ecfb45aebe999584aeb309c6669e,93554,1280,721
arc-forge-scene,assets/arc-forge/machine-cycle-02.webp,c19653c67a1072efe06146c965fc85a2bf976a73e079390a4a918f185e70e322,,Existing public project asset,/media/arc-forge-scene-1280.67ee857d2d0f.jpg,67ee857d2d0fb42013578113cb4a03dcd2b51d840756897f02e2a5e0a309fe2f,154087,1280,720
