route,width,title,h1,mode,main,overflow,brokenImages,initialOverflow,recheck
/index.html,1440,Olsen Automation LLC,Human judgment.AI leverage.Real-world proof.,candidate,True,False,[],,
/projects.html,1440,Project atlas | Olsen Automation,The project atlas.,candidate,True,False,[],,
/projects/context-passport-compiler.html,1440,Context Passport Compiler | Olsen Automation,Context Passport Compiler,candidate,True,False,[],,
/projects/stateseal.html,1440,StateSeal | Olsen Automation,StateSeal,candidate,True,False,[],,
/projects/scribr.html,1440,Scribr | Olsen Automation,Scribr,candidate,True,False,[],,
/projects/artifact-os.html,1440,Artifact OS | Olsen Automation,Artifact OS,candidate,True,False,[],,
/projects/glimmerlings.html,1440,Glimmerlings | Olsen Automation,Glimmerlings,candidate,True,False,[],,
/projects/wing-light.html,1440,Wing & Light | Olsen Automation,Wing & Light,candidate,True,False,[],,
/projects/family-card-chaos.html,1440,Family Card Chaos | Olsen Automation,Family Card Chaos,candidate,True,False,[],,
/projects/sauce-private-roku.html,1440,Sauce+ Private Roku | Olsen Automation,Sauce+ Private Roku,candidate,True,False,[],,
/projects/olsen-music-studio.html,1440,Olsen Music Studio | Olsen Automation,Olsen Music Studio,candidate,True,False,[],,
/projects/mechanical-whale.html,1440,Mechanical Whale | Olsen Automation,Mechanical Whale,candidate,True,False,[],,
/projects/easter-tomb.html,1440,Easter Tomb | Olsen Automation,Easter Tomb,candidate,True,False,[],,
/projects/sandy-miniatures.html,1440,Sandy Miniatures | Olsen Automation,Sandy Miniatures,candidate,True,False,[],,
/projects/cedar-bracket-cover-planters.html,1440,Cedar Bracket-Cover Planters | Olsen Automation,Cedar Bracket-Cover Planters,candidate,True,False,[],,
/projects/functional-print-fit.html,1440,Functional Print & Fit | Olsen Automation,Functional Print & Fit,candidate,True,False,[],,
/projects/visual-ai-evaluation.html,1440,Visual AI Evaluation | Olsen Automation,Visual AI Evaluation,candidate,True,False,[],,
/projects/product-image-production.html,1440,Product Image Production | Olsen Automation,Product Image Production,candidate,True,False,[],,
/projects/territory-sales-execution.html,1440,Territory Sales Execution | Olsen Automation,Territory Sales Execution,candidate,True,False,[],,
/projects/photography-visual-production.html,1440,Photography & Visual Production | Olsen Automation,Photography & Visual Production,candidate,True,False,[],,
/projects/clearfloor.html,1440,ClearFloor | Olsen Automation,ClearFloor,candidate,True,False,[],,
/projects/batchquote.html,1440,BatchQuote | Olsen Automation,BatchQuote,candidate,True,False,[],,
/projects/role-specific-application-portfolios.html,1440,Role-Specific Application Portfolios | Olsen Automation,Role-Specific Application Portfolios,candidate,True,False,[],,
/ai-visibility.html,1440,AI Visibility Monitoring & Improvement | Olsen Automation,Help answer engines find your business.,candidate,True,False,[],,
/arc-forge.html,1440,ARC//FORGE — Build the Machine. Discover the System.,ARC//FORGE,candidate,True,False,[],,
/cassette-mp4.html,1440,Cassette.mp4 | Olsen Automation LLC,"Portable context, lower drift.",candidate,True,False,[],,
/contact.html,1440,Contact | Olsen Automation LLC,Let’s connect.,candidate,True,False,[],,
/docs.html,1440,Docs | Olsen Automation LLC,Cassette.mp4 quick start.,candidate,True,False,[],,
/firefly-living-lights.html,1440,Living Lights / Firefly System | Olsen Automation,Living Lights / Firefly System,candidate,True,False,[],,
/support.html,1440,Support | Olsen Automation LLC,Support and status.,candidate,True,False,[],,
/verify.html,1440,Verify | Olsen Automation LLC,Verify signed releases.,candidate,True,False,[],,
/workshop.html,1440,AI Without the Hype | Olsen Automation,AI doesn’t have to feel like it’s passing you by.,candidate,True,False,[],,
/product-photo-production.html,1440,AI-Assisted Product Image Production & Retouching | Brian Olsen,Commercial product visuals built from imperfect real-world source photos.,candidate,True,False,[],,
/territory-sales-execution.html,1440,Territory Sales & Retail Execution | Brian Olsen,Territory execution that earns the floor.,candidate,True,False,[],,
/visual-ai-evaluation.html,1440,Visual AI Evaluation | Brian Olsen,Better images begin with better judgment.,candidate,True,False,[],True,"After layout and fonts settled: scrollWidth 1425, viewport 1440; no offenders"
/404.html,1440,Page not found | Olsen Automation,Page not found.,candidate,True,False,[],,
/index.html,390,Olsen Automation LLC,Human judgment.AI leverage.Real-world proof.,candidate,True,False,[],,
/projects.html,390,Project atlas | Olsen Automation,The project atlas.,candidate,True,False,[],,
/projects/context-passport-compiler.html,390,Context Passport Compiler | Olsen Automation,Context Passport Compiler,candidate,True,False,[],,
/projects/stateseal.html,390,StateSeal | Olsen Automation,StateSeal,candidate,True,False,[],,
/projects/scribr.html,390,Scribr | Olsen Automation,Scribr,candidate,True,False,[],,
/projects/artifact-os.html,390,Artifact OS | Olsen Automation,Artifact OS,candidate,True,False,[],,
/projects/glimmerlings.html,390,Glimmerlings | Olsen Automation,Glimmerlings,candidate,True,False,[],,
/projects/wing-light.html,390,Wing & Light | Olsen Automation,Wing & Light,candidate,True,False,[],,
/projects/family-card-chaos.html,390,Family Card Chaos | Olsen Automation,Family Card Chaos,candidate,True,False,[],,
/projects/sauce-private-roku.html,390,Sauce+ Private Roku | Olsen Automation,Sauce+ Private Roku,candidate,True,False,[],,
/projects/olsen-music-studio.html,390,Olsen Music Studio | Olsen Automation,Olsen Music Studio,candidate,True,False,[],,
/projects/mechanical-whale.html,390,Mechanical Whale | Olsen Automation,Mechanical Whale,candidate,True,False,[],,
/projects/easter-tomb.html,390,Easter Tomb | Olsen Automation,Easter Tomb,candidate,True,False,[],,
/projects/sandy-miniatures.html,390,Sandy Miniatures | Olsen Automation,Sandy Miniatures,candidate,True,False,[],,
/projects/cedar-bracket-cover-planters.html,390,Cedar Bracket-Cover Planters | Olsen Automation,Cedar Bracket-Cover Planters,candidate,True,False,[],,
/projects/functional-print-fit.html,390,Functional Print & Fit | Olsen Automation,Functional Print & Fit,candidate,True,False,[],,
/projects/visual-ai-evaluation.html,390,Visual AI Evaluation | Olsen Automation,Visual AI Evaluation,candidate,True,False,[],,
/projects/product-image-production.html,390,Product Image Production | Olsen Automation,Product Image Production,candidate,True,False,[],,
/projects/territory-sales-execution.html,390,Territory Sales Execution | Olsen Automation,Territory Sales Execution,candidate,True,False,[],,
/projects/photography-visual-production.html,390,Photography & Visual Production | Olsen Automation,Photography & Visual Production,candidate,True,False,[],,
/projects/clearfloor.html,390,ClearFloor | Olsen Automation,ClearFloor,candidate,True,False,[],,
/projects/batchquote.html,390,BatchQuote | Olsen Automation,BatchQuote,candidate,True,False,[],,
/projects/role-specific-application-portfolios.html,390,Role-Specific Application Portfolios | Olsen Automation,Role-Specific Application Portfolios,candidate,True,False,[],,
/ai-visibility.html,390,AI Visibility Monitoring & Improvement | Olsen Automation,Help answer engines find your business.,candidate,True,False,[],,
/arc-forge.html,390,ARC//FORGE — Build the Machine. Discover the System.,ARC//FORGE,candidate,True,False,[],,
/cassette-mp4.html,390,Cassette.mp4 | Olsen Automation LLC,"Portable context, lower drift.",candidate,True,False,[],,
/contact.html,390,Contact | Olsen Automation LLC,Let’s connect.,candidate,True,False,[],,
/docs.html,390,Docs | Olsen Automation LLC,Cassette.mp4 quick start.,candidate,True,False,[],,
/firefly-living-lights.html,390,Living Lights / Firefly System | Olsen Automation,Living Lights / Firefly System,candidate,True,False,[],,
/support.html,390,Support | Olsen Automation LLC,Support and status.,candidate,True,False,[],,
/verify.html,390,Verify | Olsen Automation LLC,Verify signed releases.,candidate,True,False,[],,
/workshop.html,390,AI Without the Hype | Olsen Automation,AI doesn’t have to feel like it’s passing you by.,candidate,True,False,[],,
/product-photo-production.html,390,AI-Assisted Product Image Production & Retouching | Brian Olsen,Commercial product visuals built from imperfect real-world source photos.,candidate,True,False,[],,
/territory-sales-execution.html,390,Territory Sales & Retail Execution | Brian Olsen,Territory execution that earns the floor.,candidate,True,False,[],,
/visual-ai-evaluation.html,390,Visual AI Evaluation | Brian Olsen,Better images begin with better judgment.,candidate,True,False,[],,
/404.html,390,Page not found | Olsen Automation,Page not found.,candidate,True,False,[],,
