route,port,width,height,h1,overflow,broken_loaded_images,unlabeled_controls,robots
404.html,43187,1440,900,1,False,0,0,"noindex,nofollow,noarchive,nosnippet"
ai-visibility.html,43187,1440,900,1,False,0,0,"noindex,nofollow,noarchive,nosnippet"
arc-forge.html,43187,1440,900,1,False,0,0,"noindex,nofollow,noarchive,nosnippet"
cassette-mp4.html,43187,1440,900,1,False,0,0,"noindex,nofollow,noarchive,nosnippet"
contact.html,43187,1440,900,1,False,0,0,"noindex,nofollow,noarchive,nosnippet"
docs.html,43187,1440,900,1,False,0,0,"noindex,nofollow,noarchive,nosnippet"
firefly-living-lights.html,43187,1440,900,1,False,0,0,"noindex,nofollow,noarchive,nosnippet"
index.html,43187,1440,900,1,False,0,0,"noindex,nofollow,noarchive,nosnippet"
preview/media/index.html,43187,1440,900,1,False,0,0,"noindex,nofollow,noarchive,nosnippet"
preview/shell/index.html,43187,1440,900,1,False,0,0,"noindex,nofollow,noarchive,nosnippet"
projects/artifact-os.html,43187,1440,900,1,False,0,0,"noindex,nofollow,noarchive,nosnippet"
projects/batchquote.html,43187,1440,900,1,False,0,0,"noindex,nofollow,noarchive,nosnippet"
projects/cedar-bracket-cover-planters.html,43187,1440,900,1,False,0,0,"noindex,nofollow,noarchive,nosnippet"
projects/clearfloor.html,43187,1440,900,1,False,0,0,"noindex,nofollow,noarchive,nosnippet"
projects/context-passport-compiler.html,43187,1440,900,1,False,0,0,"noindex,nofollow,noarchive,nosnippet"
projects/easter-tomb.html,43187,1440,900,1,False,0,0,"noindex,nofollow,noarchive,nosnippet"
projects/family-card-chaos.html,43187,1440,900,1,False,0,0,"noindex,nofollow,noarchive,nosnippet"
projects/functional-print-fit.html,43187,1440,900,1,False,0,0,"noindex,nofollow,noarchive,nosnippet"
projects/glimmerlings.html,43187,1440,900,1,False,0,0,"noindex,nofollow,noarchive,nosnippet"
projects/mechanical-whale.html,43187,1440,900,1,False,0,0,"noindex,nofollow,noarchive,nosnippet"
projects/olsen-music-studio.html,43187,1440,900,1,False,0,0,"noindex,nofollow,noarchive,nosnippet"
projects/photography-visual-production.html,43187,1440,900,1,False,0,0,"noindex,nofollow,noarchive,nosnippet"
projects/product-image-production.html,43187,1440,900,1,False,0,0,"noindex,nofollow,noarchive,nosnippet"
projects/role-specific-application-portfolios.html,43187,1440,900,1,False,0,0,"noindex,nofollow,noarchive,nosnippet"
projects/sandy-miniatures.html,43187,1440,900,1,False,0,0,"noindex,nofollow,noarchive,nosnippet"
projects/sauce-private-roku.html,43187,1440,900,1,False,0,0,"noindex,nofollow,noarchive,nosnippet"
projects/scribr.html,43187,1440,900,1,False,0,0,"noindex,nofollow,noarchive,nosnippet"
projects/stateseal.html,43187,1440,900,1,False,0,0,"noindex,nofollow,noarchive,nosnippet"
projects/territory-sales-execution.html,43187,1440,900,1,False,0,0,"noindex,nofollow,noarchive,nosnippet"
projects/visual-ai-evaluation.html,43187,1440,900,1,False,0,0,"noindex,nofollow,noarchive,nosnippet"
projects/wing-light.html,43187,1440,900,1,False,0,0,"noindex,nofollow,noarchive,nosnippet"
projects.html,43187,1440,900,1,False,0,0,"noindex,nofollow,noarchive,nosnippet"
support.html,43187,1440,900,1,False,0,0,"noindex,nofollow,noarchive,nosnippet"
verify.html,43187,1440,900,1,False,0,0,"noindex,nofollow,noarchive,nosnippet"
workshop.html,43187,1440,900,1,False,0,0,"noindex,nofollow,noarchive,nosnippet"
family-card-chaos-access.html,43189,1440,900,1,False,0,0,"noindex, nofollow, noarchive, nosnippet"
product-photo-production.html,43189,1440,900,1,False,0,0,"noindex,nofollow"
territory-sales-execution.html,43189,1440,900,1,False,0,0,"noindex,nofollow,noarchive"
visual-ai-evaluation.html,43189,1440,900,1,False,0,0,"noindex,nofollow,noarchive"
404.html,43187,390,844,1,False,0,0,"noindex,nofollow,noarchive,nosnippet"
ai-visibility.html,43187,390,844,1,False,0,0,"noindex,nofollow,noarchive,nosnippet"
arc-forge.html,43187,390,844,1,False,0,0,"noindex,nofollow,noarchive,nosnippet"
cassette-mp4.html,43187,390,844,1,False,0,0,"noindex,nofollow,noarchive,nosnippet"
contact.html,43187,390,844,1,False,0,0,"noindex,nofollow,noarchive,nosnippet"
docs.html,43187,390,844,1,False,0,0,"noindex,nofollow,noarchive,nosnippet"
firefly-living-lights.html,43187,390,844,1,False,0,0,"noindex,nofollow,noarchive,nosnippet"
index.html,43187,390,844,1,False,0,0,"noindex,nofollow,noarchive,nosnippet"
preview/media/index.html,43187,390,844,1,False,0,0,"noindex,nofollow,noarchive,nosnippet"
preview/shell/index.html,43187,390,844,1,False,0,0,"noindex,nofollow,noarchive,nosnippet"
projects/artifact-os.html,43187,390,844,1,False,0,0,"noindex,nofollow,noarchive,nosnippet"
projects/batchquote.html,43187,390,844,1,False,0,0,"noindex,nofollow,noarchive,nosnippet"
projects/cedar-bracket-cover-planters.html,43187,390,844,1,False,0,0,"noindex,nofollow,noarchive,nosnippet"
projects/clearfloor.html,43187,390,844,1,False,0,0,"noindex,nofollow,noarchive,nosnippet"
projects/context-passport-compiler.html,43187,390,844,1,False,0,0,"noindex,nofollow,noarchive,nosnippet"
projects/easter-tomb.html,43187,390,844,1,False,0,0,"noindex,nofollow,noarchive,nosnippet"
projects/family-card-chaos.html,43187,390,844,1,False,0,0,"noindex,nofollow,noarchive,nosnippet"
projects/functional-print-fit.html,43187,390,844,1,False,0,0,"noindex,nofollow,noarchive,nosnippet"
projects/glimmerlings.html,43187,390,844,1,False,0,0,"noindex,nofollow,noarchive,nosnippet"
projects/mechanical-whale.html,43187,390,844,1,False,0,0,"noindex,nofollow,noarchive,nosnippet"
projects/olsen-music-studio.html,43187,390,844,1,False,0,0,"noindex,nofollow,noarchive,nosnippet"
projects/photography-visual-production.html,43187,390,844,1,False,0,0,"noindex,nofollow,noarchive,nosnippet"
projects/product-image-production.html,43187,390,844,1,False,0,0,"noindex,nofollow,noarchive,nosnippet"
projects/role-specific-application-portfolios.html,43187,390,844,1,False,0,0,"noindex,nofollow,noarchive,nosnippet"
projects/sandy-miniatures.html,43187,390,844,1,False,0,0,"noindex,nofollow,noarchive,nosnippet"
projects/sauce-private-roku.html,43187,390,844,1,False,0,0,"noindex,nofollow,noarchive,nosnippet"
projects/scribr.html,43187,390,844,1,False,0,0,"noindex,nofollow,noarchive,nosnippet"
projects/stateseal.html,43187,390,844,1,False,0,0,"noindex,nofollow,noarchive,nosnippet"
projects/territory-sales-execution.html,43187,390,844,1,False,0,0,"noindex,nofollow,noarchive,nosnippet"
projects/visual-ai-evaluation.html,43187,390,844,1,False,0,0,"noindex,nofollow,noarchive,nosnippet"
projects/wing-light.html,43187,390,844,1,False,0,0,"noindex,nofollow,noarchive,nosnippet"
projects.html,43187,390,844,1,False,0,0,"noindex,nofollow,noarchive,nosnippet"
support.html,43187,390,844,1,False,0,0,"noindex,nofollow,noarchive,nosnippet"
verify.html,43187,390,844,1,False,0,0,"noindex,nofollow,noarchive,nosnippet"
workshop.html,43187,390,844,1,False,0,0,"noindex,nofollow,noarchive,nosnippet"
family-card-chaos-access.html,43189,390,844,1,False,0,0,"noindex, nofollow, noarchive, nosnippet"
product-photo-production.html,43189,390,844,1,False,0,0,"noindex,nofollow"
territory-sales-execution.html,43189,390,844,1,False,0,0,"noindex,nofollow,noarchive"
visual-ai-evaluation.html,43189,390,844,1,False,0,0,"noindex,nofollow,noarchive"
